﻿<?xml version="1.0" encoding="utf-8" ?>
<config>

  <database connectionstring="upi:D:\Home\FactographDatabases\magblazor\"/>

  <LoadCassette write="true">C:\FactographProjects\test2</LoadCassette>

  <LoadCassette>E:\FactographProjects\syp_cassettes\SypCassete</LoadCassette>
  <LoadCassette>E:\FactographProjects\syp_cassettes\SypUsers</LoadCassette>
  <LoadCassette>E:\FactographProjects\syp_cassettes\Syp_2012_1</LoadCassette>
  <LoadCassette>E:\FactographProjects\syp_cassettes\Syp_2012_mag</LoadCassette>
  <LoadCassette>E:\FactographProjects\syp_cassettes\Syp_2012_Tikhonova</LoadCassette>
  <LoadCassette>E:\FactographProjects\syp_cassettes\Syp_2013</LoadCassette>
  <LoadCassette>E:\FactographProjects\syp_cassettes\Syp2011</LoadCassette>
  <LoadCassette>E:\FactographProjects\syp_cassettes\Syp2011video</LoadCassette>
  <LoadCassette>E:\FactographProjects\syp_cassettes\Syp2013Users</LoadCassette>
  <LoadCassette>E:\FactographProjects\syp_cassettes\Syp2013video</LoadCassette>
  <LoadCassette>E:\FactographProjects\syp_cassettes\Syp2014</LoadCassette>
  <LoadCassette>E:\FactographProjects\syp_cassettes\Syp2014conf_video</LoadCassette>
  <LoadCassette>E:\FactographProjects\syp_cassettes\Syp2014Users</LoadCassette>
  <LoadCassette>E:\FactographProjects\syp_cassettes\Syp2014video</LoadCassette>
  <LoadCassette>E:\FactographProjects\syp_cassettes\Syp2015</LoadCassette>
  <LoadCassette>E:\FactographProjects\syp_cassettes\Syp2015Bratus</LoadCassette>
  <LoadCassette>E:\FactographProjects\syp_cassettes\Syp2015conf_video</LoadCassette>
  <LoadCassette>E:\FactographProjects\syp_cassettes\Syp2015Users</LoadCassette>
  <LoadCassette>E:\FactographProjects\syp_cassettes\Syp2015video</LoadCassette>
  <LoadCassette>E:\FactographProjects\syp_cassettes\Syp2016</LoadCassette>
  <LoadCassette>E:\FactographProjects\syp_cassettes\Syp2016Users</LoadCassette>
  <LoadCassette>E:\FactographProjects\syp_cassettes\Syp2016video</LoadCassette>
  <LoadCassette>E:\FactographProjects\syp_cassettes\Syp2016video2</LoadCassette>
  <LoadCassette>E:\FactographProjects\syp_cassettes\Syp2017</LoadCassette>
  <LoadCassette>E:\FactographProjects\syp_cassettes\Syp2017Users</LoadCassette>
  <LoadCassette>E:\FactographProjects\syp_cassettes\Syp2017video</LoadCassette>
  <LoadCassette>E:\FactographProjects\syp_cassettes\Syp2018</LoadCassette>
  <LoadCassette>E:\FactographProjects\syp_cassettes\Syp2018Users</LoadCassette>
  <LoadCassette>E:\FactographProjects\syp_cassettes\Syp2018video</LoadCassette>
  <LoadCassette>E:\FactographProjects\syp_cassettes\Syp2019</LoadCassette>
  <LoadCassette>E:\FactographProjects\syp_cassettes\Syp2019photos</LoadCassette>
  <LoadCassette>E:\FactographProjects\syp_cassettes\Syp2022</LoadCassette>
  <LoadCassette>E:\FactographProjects\syp_cassettes\Syp2023</LoadCassette>
</config>
